{"train_loss": 1.6696749925613403, "cluster_loss": 0.0, "grad_norm": 21.90751075744629, "_timestamp": 1738015078.0854456, "_runtime": 51.841012716293335, "_step": 149, "_wandb": {"runtime": 51}}