{"GPT-2 Token Sub-Space Intervention Accuracy 5": 0.5754464285714286, "GPT-2 Token Sub-Space Intervention Loss 5": 0.10875288162912641, "_timestamp": 1737916026.0569441, "_runtime": 234.14959001541138, "_step": 0}