{"GPT-2 Token Sub-Space Intervention Accuracy 5": 0.7558035714285715, "GPT-2 Token Sub-Space Intervention Loss 5": 0.08507950896663326, "_timestamp": 1737905224.281055, "_runtime": 4664.358548879623, "_step": 19, "_wandb": {"runtime": 4663}}