{"GPT-2 Token Sub-Space Intervention Accuracy 5": 0.6267857142857143, "GPT-2 Token Sub-Space Intervention Loss 5": 0.1019267480288233, "_timestamp": 1737912154.044039, "_runtime": 2761.238114118576, "_step": 11}